USE [ClassAdministration]
GO
/****** Object:  Table [dbo].[SemesterSet]    Script Date: 11/26/2012 00:25:50 ******/
SET IDENTITY_INSERT [dbo].[SemesterSet] ON
INSERT [dbo].[SemesterSet] ([Id], [Name]) VALUES (1, N'2011/12/2.')
INSERT [dbo].[SemesterSet] ([Id], [Name]) VALUES (2, N'2012/13/1.')
INSERT [dbo].[SemesterSet] ([Id], [Name]) VALUES (3, N'2012/13/2.')
SET IDENTITY_INSERT [dbo].[SemesterSet] OFF
/****** Object:  Table [dbo].[RoomSet]    Script Date: 11/26/2012 00:25:50 ******/
SET IDENTITY_INSERT [dbo].[RoomSet] ON
INSERT [dbo].[RoomSet] ([Id], [Name], [Computer_count], [Seating_capacity]) VALUES (4, N'QB101', 8, 20)
INSERT [dbo].[RoomSet] ([Id], [Name], [Computer_count], [Seating_capacity]) VALUES (5, N'QB102', 8, 20)
INSERT [dbo].[RoomSet] ([Id], [Name], [Computer_count], [Seating_capacity]) VALUES (6, N'QB103', 8, 20)
INSERT [dbo].[RoomSet] ([Id], [Name], [Computer_count], [Seating_capacity]) VALUES (7, N'QB104', 8, 20)
INSERT [dbo].[RoomSet] ([Id], [Name], [Computer_count], [Seating_capacity]) VALUES (8, N'IL220', 8, 20)
INSERT [dbo].[RoomSet] ([Id], [Name], [Computer_count], [Seating_capacity]) VALUES (9, N'IL221', 8, 20)
INSERT [dbo].[RoomSet] ([Id], [Name], [Computer_count], [Seating_capacity]) VALUES (10, N'IL222', 8, 20)
SET IDENTITY_INSERT [dbo].[RoomSet] OFF
/****** Object:  Table [dbo].[InstructorSet]    Script Date: 11/26/2012 00:25:50 ******/
SET IDENTITY_INSERT [dbo].[InstructorSet] ON
INSERT [dbo].[InstructorSet] ([Id], [Neptun], [Name], [Email]) VALUES (1, N'ABC001', N'Oktató 1', N'oktato1@bme.hu')
INSERT [dbo].[InstructorSet] ([Id], [Neptun], [Name], [Email]) VALUES (2, N'ABC002', N'Oktató 2', N'oktato2@bme.hu')
INSERT [dbo].[InstructorSet] ([Id], [Neptun], [Name], [Email]) VALUES (3, N'ABC003', N'Oktató 3', N'oktato3@bme.hu')
INSERT [dbo].[InstructorSet] ([Id], [Neptun], [Name], [Email]) VALUES (4, N'ABC004', N'Oktató 4', N'oktato4@bme.hu')
INSERT [dbo].[InstructorSet] ([Id], [Neptun], [Name], [Email]) VALUES (5, N'ABC005', N'Oktató 5', N'oktato5@bme.hu')
INSERT [dbo].[InstructorSet] ([Id], [Neptun], [Name], [Email]) VALUES (6, N'ABC006', N'Oktató 6', N'oktato6@bme.hu')
INSERT [dbo].[InstructorSet] ([Id], [Neptun], [Name], [Email]) VALUES (7, N'ABC007', N'Oktató 7', N'oktato7@bme.hu')
INSERT [dbo].[InstructorSet] ([Id], [Neptun], [Name], [Email]) VALUES (8, N'ABC008', N'Oktató 8', N'oktato8@bme.hu')
SET IDENTITY_INSERT [dbo].[InstructorSet] OFF
/****** Object:  Table [dbo].[CourseSet]    Script Date: 11/26/2012 00:25:50 ******/
SET IDENTITY_INSERT [dbo].[CourseSet] ON
INSERT [dbo].[CourseSet] ([Id], [Day_of_week], [Week_parity], [Starting_time], [Semester_Id]) VALUES (1, 1, 1, N'15:00', 1)
INSERT [dbo].[CourseSet] ([Id], [Day_of_week], [Week_parity], [Starting_time], [Semester_Id]) VALUES (2, 3, 1, N'18:00', 1)
INSERT [dbo].[CourseSet] ([Id], [Day_of_week], [Week_parity], [Starting_time], [Semester_Id]) VALUES (3, 4, 0, N'16:00', 1)
INSERT [dbo].[CourseSet] ([Id], [Day_of_week], [Week_parity], [Starting_time], [Semester_Id]) VALUES (4, 4, 0, N'16:00', 2)
INSERT [dbo].[CourseSet] ([Id], [Day_of_week], [Week_parity], [Starting_time], [Semester_Id]) VALUES (5, 5, 0, N'17:00', 2)
SET IDENTITY_INSERT [dbo].[CourseSet] OFF
/****** Object:  Table [dbo].[RoomCourse]    Script Date: 11/26/2012 00:25:50 ******/
INSERT [dbo].[RoomCourse] ([Room_Id], [Course_Id]) VALUES (4, 1)
INSERT [dbo].[RoomCourse] ([Room_Id], [Course_Id]) VALUES (4, 2)
INSERT [dbo].[RoomCourse] ([Room_Id], [Course_Id]) VALUES (4, 3)
INSERT [dbo].[RoomCourse] ([Room_Id], [Course_Id]) VALUES (4, 4)
INSERT [dbo].[RoomCourse] ([Room_Id], [Course_Id]) VALUES (4, 5)
INSERT [dbo].[RoomCourse] ([Room_Id], [Course_Id]) VALUES (5, 1)
INSERT [dbo].[RoomCourse] ([Room_Id], [Course_Id]) VALUES (5, 2)
INSERT [dbo].[RoomCourse] ([Room_Id], [Course_Id]) VALUES (5, 3)
INSERT [dbo].[RoomCourse] ([Room_Id], [Course_Id]) VALUES (5, 4)
INSERT [dbo].[RoomCourse] ([Room_Id], [Course_Id]) VALUES (5, 5)
INSERT [dbo].[RoomCourse] ([Room_Id], [Course_Id]) VALUES (6, 1)
INSERT [dbo].[RoomCourse] ([Room_Id], [Course_Id]) VALUES (6, 2)
INSERT [dbo].[RoomCourse] ([Room_Id], [Course_Id]) VALUES (6, 3)
INSERT [dbo].[RoomCourse] ([Room_Id], [Course_Id]) VALUES (6, 4)
INSERT [dbo].[RoomCourse] ([Room_Id], [Course_Id]) VALUES (6, 5)
INSERT [dbo].[RoomCourse] ([Room_Id], [Course_Id]) VALUES (7, 1)
INSERT [dbo].[RoomCourse] ([Room_Id], [Course_Id]) VALUES (7, 2)
INSERT [dbo].[RoomCourse] ([Room_Id], [Course_Id]) VALUES (7, 3)
INSERT [dbo].[RoomCourse] ([Room_Id], [Course_Id]) VALUES (7, 4)
INSERT [dbo].[RoomCourse] ([Room_Id], [Course_Id]) VALUES (7, 5)
INSERT [dbo].[RoomCourse] ([Room_Id], [Course_Id]) VALUES (8, 1)
INSERT [dbo].[RoomCourse] ([Room_Id], [Course_Id]) VALUES (8, 2)
INSERT [dbo].[RoomCourse] ([Room_Id], [Course_Id]) VALUES (8, 3)
INSERT [dbo].[RoomCourse] ([Room_Id], [Course_Id]) VALUES (8, 4)
INSERT [dbo].[RoomCourse] ([Room_Id], [Course_Id]) VALUES (8, 5)
INSERT [dbo].[RoomCourse] ([Room_Id], [Course_Id]) VALUES (9, 1)
INSERT [dbo].[RoomCourse] ([Room_Id], [Course_Id]) VALUES (9, 2)
INSERT [dbo].[RoomCourse] ([Room_Id], [Course_Id]) VALUES (9, 3)
INSERT [dbo].[RoomCourse] ([Room_Id], [Course_Id]) VALUES (9, 4)
INSERT [dbo].[RoomCourse] ([Room_Id], [Course_Id]) VALUES (9, 5)
INSERT [dbo].[RoomCourse] ([Room_Id], [Course_Id]) VALUES (10, 1)
INSERT [dbo].[RoomCourse] ([Room_Id], [Course_Id]) VALUES (10, 2)
INSERT [dbo].[RoomCourse] ([Room_Id], [Course_Id]) VALUES (10, 3)
INSERT [dbo].[RoomCourse] ([Room_Id], [Course_Id]) VALUES (10, 4)
INSERT [dbo].[RoomCourse] ([Room_Id], [Course_Id]) VALUES (10, 5)
/****** Object:  Table [dbo].[GroupSet]    Script Date: 11/26/2012 00:25:50 ******/
/****** Object:  Table [dbo].[StudentSet]    Script Date: 11/26/2012 00:25:50 ******/
SET IDENTITY_INSERT [dbo].[StudentSet] ON
INSERT [dbo].[StudentSet] ([Id], [Neptun], [Name], [Course_Id], [Group_Id], [Semester_Id]) VALUES (7, N'AAA100', N'Mangal Ica', 1, NULL, 1)
INSERT [dbo].[StudentSet] ([Id], [Neptun], [Name], [Course_Id], [Group_Id], [Semester_Id]) VALUES (9, N'AAA101', N'Git Áron', 1, NULL, 1)
INSERT [dbo].[StudentSet] ([Id], [Neptun], [Name], [Course_Id], [Group_Id], [Semester_Id]) VALUES (11, N'AAA102', N'Wincs Eszter', 1, NULL, 1)
INSERT [dbo].[StudentSet] ([Id], [Neptun], [Name], [Course_Id], [Group_Id], [Semester_Id]) VALUES (13, N'AAA103', N'Kala Pál', 1, NULL, 1)
INSERT [dbo].[StudentSet] ([Id], [Neptun], [Name], [Course_Id], [Group_Id], [Semester_Id]) VALUES (14, N'AAA104', N'Egydar Abigél', 1, NULL, 1)
INSERT [dbo].[StudentSet] ([Id], [Neptun], [Name], [Course_Id], [Group_Id], [Semester_Id]) VALUES (15, N'AAA105', N'Helyes Elek', 1, NULL, 1)
INSERT [dbo].[StudentSet] ([Id], [Neptun], [Name], [Course_Id], [Group_Id], [Semester_Id]) VALUES (17, N'AAA106', N'Konzulens Károly', 1, NULL, 1)
INSERT [dbo].[StudentSet] ([Id], [Neptun], [Name], [Course_Id], [Group_Id], [Semester_Id]) VALUES (18, N'AAA107', N'Elnök Elemér', 1, NULL, 1)
INSERT [dbo].[StudentSet] ([Id], [Neptun], [Name], [Course_Id], [Group_Id], [Semester_Id]) VALUES (20, N'AAA108', N'Johnny Gold', 1, NULL, 1)
INSERT [dbo].[StudentSet] ([Id], [Neptun], [Name], [Course_Id], [Group_Id], [Semester_Id]) VALUES (21, N'AAA109', N'Jack Daniels', 1, NULL, 1)
INSERT [dbo].[StudentSet] ([Id], [Neptun], [Name], [Course_Id], [Group_Id], [Semester_Id]) VALUES (22, N'AAA110', N'Johnny Walker', 1, NULL, 1)
INSERT [dbo].[StudentSet] ([Id], [Neptun], [Name], [Course_Id], [Group_Id], [Semester_Id]) VALUES (23, N'AAA111', N'Vályi Pista', 2, NULL, 1)
INSERT [dbo].[StudentSet] ([Id], [Neptun], [Name], [Course_Id], [Group_Id], [Semester_Id]) VALUES (24, N'AAA112', N'Troll Géza', 2, NULL, 1)
INSERT [dbo].[StudentSet] ([Id], [Neptun], [Name], [Course_Id], [Group_Id], [Semester_Id]) VALUES (25, N'AAA113', N'Botos Jeti', 2, NULL, 1)
INSERT [dbo].[StudentSet] ([Id], [Neptun], [Name], [Course_Id], [Group_Id], [Semester_Id]) VALUES (26, N'AAA114', N'Nyári Virág', 2, NULL, 1)
INSERT [dbo].[StudentSet] ([Id], [Neptun], [Name], [Course_Id], [Group_Id], [Semester_Id]) VALUES (28, N'AAA115', N'Kék Ibolya', 2, NULL, 1)
INSERT [dbo].[StudentSet] ([Id], [Neptun], [Name], [Course_Id], [Group_Id], [Semester_Id]) VALUES (30, N'AAA116', N'Iksz Elek', 2, NULL, 1)
INSERT [dbo].[StudentSet] ([Id], [Neptun], [Name], [Course_Id], [Group_Id], [Semester_Id]) VALUES (31, N'AAA117', N'Dezo Dóra', 2, NULL, 1)
INSERT [dbo].[StudentSet] ([Id], [Neptun], [Name], [Course_Id], [Group_Id], [Semester_Id]) VALUES (32, N'AAA118', N'Cserepes Virág', 2, NULL, 1)
INSERT [dbo].[StudentSet] ([Id], [Neptun], [Name], [Course_Id], [Group_Id], [Semester_Id]) VALUES (34, N'AAA119', N'Zsírod B. Ödön', 2, NULL, 1)
INSERT [dbo].[StudentSet] ([Id], [Neptun], [Name], [Course_Id], [Group_Id], [Semester_Id]) VALUES (35, N'AAA120', N'Pál Inka', 2, NULL, 1)
INSERT [dbo].[StudentSet] ([Id], [Neptun], [Name], [Course_Id], [Group_Id], [Semester_Id]) VALUES (36, N'AAA121', N'Patkóm Ágnes', 2, NULL, 1)
INSERT [dbo].[StudentSet] ([Id], [Neptun], [Name], [Course_Id], [Group_Id], [Semester_Id]) VALUES (37, N'AAA122', N'Chat Elek', 2, NULL, 1)
INSERT [dbo].[StudentSet] ([Id], [Neptun], [Name], [Course_Id], [Group_Id], [Semester_Id]) VALUES (38, N'AAA123', N'Fá Zoltán', 2, NULL, 1)
INSERT [dbo].[StudentSet] ([Id], [Neptun], [Name], [Course_Id], [Group_Id], [Semester_Id]) VALUES (39, N'AAA124', N'Luc Erna', 3, NULL, 1)
INSERT [dbo].[StudentSet] ([Id], [Neptun], [Name], [Course_Id], [Group_Id], [Semester_Id]) VALUES (40, N'AAA125', N'Békés Csaba', 3, NULL, 1)
INSERT [dbo].[StudentSet] ([Id], [Neptun], [Name], [Course_Id], [Group_Id], [Semester_Id]) VALUES (41, N'AAA126', N'Csák Ányos', 3, NULL, 1)
SET IDENTITY_INSERT [dbo].[StudentSet] OFF
